CHARACTER|FIRST GAME|POWER
3 Musty Fears|Super Mario RPG: Legend of the Seven Stars|4.62114
4.1 and 4.2|WarioWare: Touched!|93.3682
5-Volt|WarioWare: Twisted!|61.8506
9-Volt|WarioWare, Inc.: Mega Microgame$!|16.886
18-Volt|WarioWare: Twisted!|92.6291
A. Coz|Mario Tennis|36.0861
Admiral Bobbery|Paper Mario: The Thousand-Year Door|50.3991
Aerodent|Wario Land 4|62.536
Akiki|Mario Party Advance|49.1461
Akuman|Wario's Woods|73.1169
Alex|Mario Tennis|66.7656
Allie|Mario Tennis|33.5877
Ana|WarioWare, Inc.: Mega Microgame$!|50.9419
Aqualea|Wario's Woods|31.916
Arfur|Paper Mario: The Thousand-Year Door|54.7185
Armored Harriers|Paper Mario: The Thousand-Year Door|35.6237
Army Hammer Bro.|Super Princess Peach|11.3549
Ashley|WarioWare: Touched!|34.082
Awazon Genie|Wario Land VB|95.6733
Axem Rangers|Super Mario RPG: Legend of the Seven Stars|51.6497
Air Meow|Super Paper Mario|14.8698
Armored Ant|Super Mario RPG: Legend of the Seven Stars|26.8224
Anti Guy|Paper Mario|68.4379
Artichoker|Super Mario RPG: Legend of the Seven Stars|33.2295
Attacky Sack||31.7095
Ameboid|Super Mario RPG: Legend of the Seven Stars|69.5933
Amazing Flying Hammer Bro.|Super Mario World|90.0695
Autobomb|Super Mario Bros. 2|57.1835
Air Bag|Yoshi's Story|50.1511
Amp||39.8612
Albino Dino|Paper Mario|48.194
Albatoss|Super Mario Bros. 2|64.5741
Alley Rat||39.1812
Arantula||73.3731
Arachne||48.9074
Apprentice|Super Mario RPG: Legend of the Seven Stars|96.9841
Aqua Lakitu||44.7331
Atomic Boo||6.49084
Anuboo||71.6702
Amanita||89.1252
Amazee Dayzee||72.8295
Angry Sun|Super Mario Bros. 3|51.4899
B. Coz|Mario Tennis|4.38171
Baby Bowser|Super Mario World 2: Yoshi's Island|15.9332
Baby Daisy|Mario Kart Wii|20.7656
Baby Donkey Kong|Yoshi's Island DS|73.0662
Baby Luigi|Super Mario World 2: Yoshi's Island|15.9443
Baby Mario|Super Mario World 2: Yoshi's Island|10.2669
Baby Peach|Mario & Luigi: Partners in Time|90.4958
Ball Bunny|Wario Land II|40.2635
Bamma|Paper Mario: The Thousand-Year Door|9.4377
Bandy Andy|Paper Mario: The Thousand-Year Door|30.4127
Barb|Mario Power Tennis|78.5616
Baron Brr|Super Mario Galaxy|51.6022
Barry|Super Paper Mario|65.1686
Battle T.|Mario Party 2|71.7552
Bean|Mobile Golf|71.6213
Beldam|Paper Mario: The Thousand-Year Door|73.5218
Belome|Super Mario RPG: Legend of the Seven Stars|42.8679
Bestovius|Super Paper Mario|38.8052
Beth|Mario Tennis|45.4605
Betsy|Super Paper Mario|54.9155
Biff Atlas|Luigi's Mansion|90.9712
Big Bob-omb|Super Mario 64|45.1544
Big Bungee Piranha|Yoshi's Island DS|37.9048
Big Lantern Ghost|Paper Mario|63.2518
Big Mr. I|Super Mario 64|22.2507
Big Top|Mario Party 8|90.9628
Bigger Boo|Super Mario World 2: Yoshi's Island|43.0874
Bill Board|Super Mario Galaxy|50.9815
Bink|Mario & Luigi: Superstar Saga|62.9795
Biokinton|Super Mario Land|43.4219
Birdo|Super Mario Bros. 2|51.0859
Bizzy|Super Paper Mario|19.9723
Blablanadon|Mario & Luigi: Superstar Saga|27.9951
Black Chest Demon|Paper Mario: The Thousand-Year Door|61.9156
Black Jewel|Wario World|8.28583
Blappy|Super Paper Mario|17.3047
Bleu|Super Paper Mario|56.9743
Blooey|Paper Mario: The Thousand-Year Door|52.7631
Blizzaurus|Super Paper Mario|0.530211
Bloat|Mario & Luigi: Superstar Saga|61.2159
Blubbi|Super Paper Mario|2.3871
Blue Goomba|Paper Mario|99.0512
Blumiere's Father|Super Paper Mario|22.794
Bob|Mario Tennis|86.6941
Bobby|Paper Mario: The Origami King|45.0592
Bobo|Wario Land: Super Mario Land 3|35.5568
Boddle|Mario & Luigi: Superstar Saga|9.04056
Boddle's Assistant|Mario & Luigi: Superstar Saga|91.5741
Bogmire|Luigi's Mansion|10.2887
Bomberto|Paper Mario: The Thousand-Year Door|72.0373
Bombette|Paper Mario|88.7556
Bonechill|Super Paper Mario|49.139
Boneheads|WarioWare, Inc.: Mega Microgame$!|21.2054
Bonetail|Paper Mario: The Thousand-Year Door|45.6501
Boolossus|Luigi's Mansion|96.8051
Boomer (Super Mario RPG: Legend of the Seven Stars)|Super Mario RPG: Legend of the Seven Stars|71.1967
Boomer (Super Paper Mario)|Super Paper Mario|24.8147
Booster|Super Mario RPG: Legend of the Seven Stars|68.3321
Bootler|Paper Mario|82.8959
Border Bros.|Mario & Luigi: Superstar Saga|67.9073
Boshi|Super Mario RPG: Legend of the Seven Stars|3.02992
Bouldergeist|Super Mario Galaxy|48.9507
Bow|Paper Mario|73.1886
Bowletta|Mario & Luigi: Superstar Saga|7.60385
Bowser|Super Mario Bros.|37.6344
Bowser Jr.|Super Mario Sunshine|12.1846
Bowyer|Super Mario RPG: Legend of the Seven Stars|26.0227
Box Boy|Super Mario RPG: Legend of the Seven Stars|22.4485
Bozzo|Super Paper Mario|5.85226
Brawl Doll|Wario World|67.2503
Brian|Mario Tennis|42.0914
Bridget the Baker|WarioWare: Touched!|85.1171
Brighton|Mario Party 6|4.38745
Britney|Mario Party Advance|7.96229
Brobot|Super Paper Mario|6.4277
Bruce|Paper Mario|41.2336
Bub|Paper Mario: The Thousand-Year Door|97.389
Bub-ulber|Paper Mario: The Thousand-Year Door|51.1614
Bubbles|Mario & Luigi: Superstar Saga|64.0944
Bubble Plant|Paper Mario|41.5654
Beefne|Wario Land: Super Mario Land 3|80.7138
Bundt|Super Mario RPG: Legend of the Seven Stars|94.687
Burt the Bashful|Super Mario World 2: Yoshi's Island|36.1681
Burt Bros.|Yoshi's Island DS|36.5762
Buzz|Mario Golf|26.2922
Buzzar|Paper Mario|2.24395
Cackletta|Mario & Luigi: Superstar Saga|37.2377
Cappy|Super Mario Odyssey|84.2913
Captain Coin|Wario Land 4|19.8101
Captain Gills|Super Paper Mario|24.2407
Captain Goomba|Mario Party 8|63.3853
Captain Syrup|Super Mario Land 3: Wario Land|76.7191
Captain Shy Guy|Mario Party 8|63.923
Captain Skull|Wario World|5.73868
Captain T. Ode|Paper Mario: The Origami King|26.3016
Carlton|Wario's Woods|48.7566
Carpaccio|Wario: Master of Disguise|65.5013
Carrie|Super Paper Mario|45.4252
Carson|Super Paper Mario|5.56012
Catbat|Wario Land 4|90.2927
Chad|Mario Power Tennis|55.337
Chan|Paper Mario|96.0852
Chap|Super Paper Mario|11.0995
Chancellor|Super Mario RPG: Legend of the Seven Stars|57.3823
Chanterelle|Paper Mario|40.9552
Charlie|Mario Golf|94.7805
Charlieton|Paper Mario: The Thousand-Year Door|76.502
Charold|Super Paper Mario|55.0595
Chauncey|Luigi's Mansion|31.3705
Chaz|Super Paper Mario|40.415
Cheep-Cheep Pufferfish|Mario Pinball Land|22.9323
Cheepskipper|New Super Mario Bros.|13.1124
Chef Shimi|Paper Mario: The Thousand-Year Door|27.296
Chef Torte|Super Mario RPG: Legend of the Seven Stars|5.94716
Chef Torte's Apprentice|Super Mario RPG: Legend of the Seven Stars|65.8427
Cherie|Super Paper Mario|79.6044
Chester|Super Mario RPG: Legend of the Seven Stars|51.6995
Chestnut King|Paper Mario: The Thousand-Year Door|85.6033
Chet|Super Paper Mario|1.31191
Chet Rippo|Paper Mario|66.6536
Chief Chilly|Super Mario 64 DS'|10.6919
Chill Bully|Super Mario 64|76.5405
Chomp Country|Paper Mario: The Thousand-Year Door|16.6218
Chompy|Paper Mario|51.798
Chuck Quizmo|Paper Mario|55.4797
Chuckleroot|Mario & Luigi: Superstar Saga|17.1313
Chuckolator|Mario & Luigi: Superstar Saga|10.1157
Clawgrip|Super Mario Bros. 2|39.0808
Cleftor|Paper Mario: The Thousand-Year Door|60.0049
Clerk|Super Mario RPG: Legend of the Seven Stars|52.8421
Cloaker|Super Mario RPG: Legend of the Seven Stars|19.1131
Clockwork Soldiers|Luigi's Mansion|21.7112
Cloud N. Candy|Yoshi's Story|46.0922
Clown-a-Round|Wario World|11.8652
Clowny the Clown|Wario: Master of Disguise|88.2975
Coach|Super Mario Galaxy|64.8626
Colored Pencils|Paper Mario: The Origami King|84.3511
Commander Shroob|Mario & Luigi: Partners in Time|35.6947
Conn|Super Paper Mario|1.28423
Cork and Cask|Mario & Luigi: Superstar Saga|7.70337
Cortez|Paper Mario: The Thousand-Year Door|86.4512
Cosmic Mario|Super Mario Galaxy|60.5881
Count Bleck|Super Paper Mario|21.7741
Count Cannoli|Wario: Master of Disguise|79.0601
Count Down|Super Mario RPG: Legend of the Seven Stars|69.4981
Cractus|Wario Land 4|90.7945
Craw-Daddy|Paper Mario: The Thousand-Year Door|68.4284
Croco|Super Mario RPG: Legend of the Seven Stars|8.69238
Crystal Bit|Paper Mario|17.1122
Crystal King|Paper Mario|65.0235
Cuckoo Condor|Wario Land 4|88.2796
Cudge|Super Paper Mario|84.9265
Culex|Super Mario RPG: Legend of the Seven Stars|88.279
Curator|Mario is Missing!|36.0319
Curt|Mario Tennis|48.9054
Cyrrus|Super Paper Mario|83.6117
Czar Dragon|Super Mario RPG: Legend of the Seven Stars|86.9571
Darkly|Paper Mario: The Thousand-Year Door|26.4094
Dashell|Super Paper Mario|9.80979
Dazzle|Paper Mario: The Thousand-Year Door|10.0892
De Buu|Wario's Woods|87.098
Dead Bones|Paper Mario: The Thousand-Year Door|17.6303
Decko|WarioWare: Touched!|21.4164
Dedar|Wario's Woods|37.3397
Destructors|Paper Mario: The Thousand-Year Door|15.9882
Diamond City Roughs|WarioWare: Smooth Moves|72.6279
Diamond Troll|WarioWare: Twisted!|11.2351
Diddy Kong|Donkey Kong Country|81.96
Dimentio|Super Paper Mario|64.6331
Ding-A-Ling|Super Mario RPG: Legend of the Seven Stars|19.9792
Dino Piranha|Super Mario Galaxy|20.4726
Dinomighty|Wario World|28.2119
The Dinosaurs|WarioWare: Twisted!|50.8498
Director|Super Mario RPG: Legend of the Seven Stars|63.2353
Dixie Kong|Donkey Kong Country 2: Diddy's Kong Quest|26.765
Dodo|Super Mario RPG: Legend of the Seven Stars|27.4684
Doe T.|Paper Mario: The Thousand-Year Door|73.13
Doll Man|Wario Land 3|18.7779
Domino|Super Mario RPG: Legend of the Seven Stars|67.7937
Don Bongo|Yoshi's Story|74.2686
Don Pianta|Paper Mario: The Thousand-Year Door|82.7657
Don the Sparrow|WarioWare, Inc.: Mega Microgame$!|22.3191
Donkey Kong|Donkey Kong|48.2292
Donkey Kong Jr.|Donkey Kong Jr.|0.559105
Doopliss|Paper Mario: The Thousand-Year Door|85.4553
Doot-Doot Sisters|Super Mario Sunshine|6.27213
Dorago|Wario's Woods|98.0134
Dorguy the First|Super Paper Mario|87.0267
Doorguy the Second|Super Paper Mario|99.8527
Doorguy the Third|Super Paper Mario|20.2892
Dorrie|Super Mario 64|84.0442
Dottie|Super Paper Mario|75.2728
Dr. Crygor|WarioWare, Inc.: Mega Microgame$!|61.1472
Dr. Payne|WarioWare: Touched!|84.1806
Dr. Topper|Super Mario RPG: Legend of the Seven Stars|18.8937
Dragonzamasu|Super Mario Land|90.2077
Dribble|WarioWare, Inc.: Mega Microgame$!|61.5313
Dry Bowser|New Super Mario Bros.|50.2994
Dual Dragon|Wario World|11.5744
Dupree|Paper Mario: The Thousand-Year Door|13.3272
Dweezil|Mario Power Tennis|79.4349
Dyllis|Super Paper Mario|37.0567
Dyna and Mite Mole|Super Mario RPG: Legend of the Seven Stars|21.4565
Earth Link|Super Mario RPG: Legend of the Seven Stars|54.0912
Eely Mouth|Super Mario Sunshine|3.08241
Elden|Mario Tennis|57.0501
Elder Princess Shroob|Mario & Luigi: Partners in Time|66.7594
Elder Shrooboid|Mario & Luigi: Partners in Time|75.5437
Eldstar|Paper Mario|65.5374
Electro Blooper|Paper Mario|0.269229
Elephant Ogre|WarioWare: Smooth Moves|8.89871
Ella|Mario Golf: Advance Tour|29.8598
Elroy|Mario Power Tennis|5.87794
Emi|Mario Power Tennis|91.9635
Emily|Mario Tennis|50.5108
Eve|Paper Mario: The Thousand-Year Door|24.6965
Excess Express Conductor|Paper Mario: The Thousand-Year Door|16.1467
Excess Express Engineer|Paper Mario: The Thousand-Year Door|71.1048
Exor|Super Mario RPG: Legend of the Seven Stars|80.9844
Eyerok|Super Mario 64|97.8423
Factory Chief|Super Mario RPG: Legend of the Seven Stars|70.8663
Fahr Outpost Mayor|Paper Mario: The Thousand-Year Door|92.006
False Wario|Wario's Woods|64.5307
Fautso|Super Mario RPG: Legend of the Seven Stars|89.714
Fava|Mario & Luigi: Superstar Saga|83.4077
Fawful|Mario & Luigi: Superstar Saga|27.3205
Fay|Mario Tennis|21.9113
Fearsome 5|Paper Mario|87.2443
Fice T.|Paper Mario|71.8472
Fire and Thunder Gods|Mario & Luigi: Superstar Saga|6.19654
Fishmael|Paper Mario|86.8287
Flamm|Super Paper Mario|5.78574
Flare|Paper Mario: The Thousand-Year Door|78.9524
Flavio|Paper Mario: The Thousand-Year Door|84.602
Fleep|Super Paper Mario|12.6373
Flimm|Super Paper Mario|10.5211
Flint|Mario Power Tennis|70.92
Flint Cragely|Super Paper Mario|2.99578
F.L.U.D.D.|Super Mario Sunshine|77.1052
Flurrie|Paper Mario: The Thousand-Year Door|75.2987
Flutter|Super Mario World 2: Yoshi's Island|78.1448
||9.20173
Foreman Spike|Wrecking Crew|18.2353
Folded Soldiers|Paper Mario: The Origami King|79.3603
Fracktail|Super Paper Mario|58.6725
Francesca Pianta|Paper Mario: The Thousand-Year Door|30.9658
Francis|Super Paper Mario|22.7918
Frankie|Paper Mario: The Thousand-Year Door|52.4569
Franky|Paper Mario|67.0447
Fred|Paper Mario: The Thousand-Year Door|3.75868
Fret|Super Paper Mario|45.9362
Frogfucius|Super Mario RPG: Legend of the Seven Stars|19.5804
Fronk|WarioWare, Inc.: Mega Microgame$!|92.2945
Frost T.|Paper Mario|37.0931
Fryguy|Super Mario Bros. 2|90.7742
Funky Kong|Donkey Kong Country|48.6661
Fuzz|Paper Mario: The Thousand-Year Door|99.7018
Fuzzipede|Paper Mario|66.3025
Gabbro|Super Paper Mario|57.4497
Galrog|Wario's Woods|11.0826
Game Boy Toad|Super Mario RPG: Legend of the Seven Stars|94.4696
Game Guy|Mario Party 3|77.1695
Garamond|Super Paper Mario|33.6071
Garbage Boy|WarioWare: Touched!|22.5883
Gardener|Super Mario RPG: Legend of the Seven Stars|89.1169
Garf|Paper Mario: The Thousand-Year Door|17.9371
Garro|Super Mario RPG: Legend of the Seven Stars|78.2516
Garson|Super Paper Mario|18.1786
Gary|Super Paper Mario|23.9844
Gaz|Super Mario RPG: Legend of the Seven Stars|58.2829
Gene|Mario Golf: Advance Tour|35.5853
General Guy|Paper Mario|18.8337
General White|Paper Mario: The Thousand-Year Door|41.6658
Genie|Super Mario Land 3: Wario Land|38.6714
Geno|Super Mario RPG: Legend of the Seven Stars|72.9977
Ghost T.|Paper Mario: The Thousand-Year Door|30.9871
Giant Bee|Wario Land II|32.7032
Giant Snake|Wario Land II|7.52703
Giant Spear Man|Wario Land II|73.4373
Gil Board|Super Mario Galaxy|96.7806
Gills' family|Super Paper Mario|27.141
Gloomer|Paper Mario: The Thousand-Year Door|86.3107
Gloomtail|Paper Mario: The Thousand-Year Door|23.0521
Gnaw|Super Paper Mario|93.7736
Gob|Paper Mario: The Thousand-Year Door|34.1055
Gold Fuzzy|Paper Mario: The Thousand-Year Door|98.9538
Goldbob|Paper Mario: The Thousand-Year Door|61.804
Golden Diva|Wario Land 4|76.0433
Goodstyle|Wario: Master of Disguise|47.0785
Goom Goom|Paper Mario: The Thousand-Year Door|7.92691
Gooma|Paper Mario|10.6058
Goomama|Paper Mario|1.11987
Goomba Bros.|Paper Mario|45.6283
Goombaria|Paper Mario|8.3141
Goombario|Paper Mario|49.679
Goombetty|Mario Party Advance|58.2616
Goombella|Paper Mario: The Thousand-Year Door|7.15462
Goombob|Mario Party Advance|0.986043
Goomboss|Paper Mario|70.8555
Goomez|Paper Mario: The Thousand-Year Door|9.05139
Goomfrey|Paper Mario: The Thousand-Year Door|45.8091
Goompa|Paper Mario|60.2281
Goompapa|Paper Mario|4.55979
Goomther|Paper Mario: The Thousand-Year Door|90.2243
Gooper Blooper|Super Mario Sunshine|24.1464
Goose|Paper Mario: The Thousand-Year Door|40.4721
Goura|Wario's Woods|26.5152
Gourmet Guy|Paper Mario|28.3962
Grace|Mario Golf: Advance Tour|92.8109
Gramma Red and Gramma Green|Mario & Luigi: Partners in Time|99.3266
Grandma Toadstool|Super Mario RPG: Legend of the Seven Stars|31.8399
Grate Guy|Super Mario RPG: Legend of the Seven Stars|80.7829
Great Sunflower|Super Mario Sunshine|85.0839
Green the Bridgemaster|Super Paper Mario|14.2937
Greenfist|Wario World|78.1604
Grifty|Paper Mario: The Thousand Year Door|36.819
Grubba|Paper Mario: The Thousand Year Door|64.3336
Guffawha Monster|Mario & Luigi: Superstar Saga|16.208
Guffawha Totem|Mario & Luigi: Superstar Saga|69.4244
Guppy|Super Mario Galaxy|0.645769
Gus|Paper Mario: The Thousand-Year Door|22.2901
Gunyolk|Super Mario RPG: Legend of the Seven Stars|39.9699
Hamma, Bamma, & Flare|Paper Mario: The Thousand-Year Door|54.5563
Hamma Jamma|Paper Mario: The Thousand-Year Door|44.6038
Hamma Jamma's Father|Paper Mario: The Thousand-Year Door|9.00738
Hamma Jamma's Grandfather|Paper Mario: The Thousand-Year Door|54.7518
Hammerhead Bros.|Mario & Luigi: Superstar Saga|62.8853
Hand-It-Overs|Paper Mario: The Thousand-Year Door|2.52087
Harhall|Mario & Luigi: Superstar Saga|44.3735
Harley Quin|Wario's Woods|39.9991
Harry|Mario Tennis|92.8981
Harry Hare|Wario's Woods|6.90718
Harry T.|Paper Mario|80.0048
Hayzee|Paper Mario: The Thousand-Year Door|81.1729
Headless Snowman|Super Mario 64|90.7881
Hector the Reflector|Yoshi's Island DS|28.3591
Heff T.|Paper Mario: The Thousand-Year Door|31.6116
Helen|Mario Golf: Advance Tour|53.2345
Helio|Wario Land 3|93.406
Helvetica|Super Paper Mario|96.5439
Hen|Wario Land II|35.3005
Henry and Orville|Luigi's Mansion|0.265634
Herb T.|Paper Mario: The Thousand-Year Door|42.9309
Herbert|Paper Mario|9.58803
Hermie III|Mario & Luigi: Superstar Saga|91.4114
Heronicus|Super Paper Mario|91.9412
Heroes of Light|Super Paper Mario|20.2424
Herringway|Paper Mario|72.342
Hidon|Super Mario RPG: Legend of the Seven Stars|37.8486
Hinopio|Super Mario RPG: Legend of the Seven Stars|70.4847
Hippo|Super Mario Land 2: 6 Golden Coins|27.5686
Hiyoihoi|Super Mario Land|88.8766
Hizza|Paper Mario: The Thousand-Year Door|73.1729
Hoggus|Wario Land 4|71.8074
Hole Punch|Paper Mario: The Origami King|5.01454
Hollijolli Mayor|Mario & Luigi: Partners in Time|67.0544
Holly Koopa|Mario Party 8|87.3428
Hongo|Yoshi Topsy Turvy|58.7811
Hoo|Super Princess Peach|95.8936
Hoodin|Super Paper Mario|98.376
Hoohooros|Mario & Luigi: Superstar Saga|90.2893
Hookbill the Koopa|Super Mario World 2: Yoshi's Island|69.8207
Hooktail|Paper Mario: The Thousand-Year Door|28.6242
Hoot the Owl|Super Mario 64|85.3237
Hootenanny|Mario Party 2|95.04
Horkus Porkus|Wario: Master of Disguise|24.7409
Hornfels|Super Paper Mario|96.0412
Hort|Super Paper Mario|28.2334
Hotel Manager|Super Mario Sunshine|23.2975
Howzit|Super Paper Mario|15.8104
Huff N. Puff|Paper Mario|84.1278
Iggy Koopa|Super Mario Bros. 3|65.6202
Igor|Paper Mario|31.6826
Il Piantissimo|Super Mario Sunshine|9.22652
Inga|Super Paper Mario|27.556
The Innkeepers|Super Paper Mario|48.5047
Inviso|Yoshi's Story|97.9254
Ironsider|Wario World|13.9065
Ishnail|Paper Mario: The Thousand-Year Door|41.3241
Jabble|Paper Mario: The Thousand-Year Door|62.5089
Jack|Mario Party Advance|31.1579
Jagger|Super Mario RPG: Legend of the Seven Stars|55.7601
Jamano|Wario Land 3|4.49966
James T.|WarioWare: Touched!|95.6456
Jamie T.|WarioWare: Touched!|94.4222
Jarvis|Luigi's Mansion|56.0214
Jasperoid|Super Paper Mario|74.7579
Jellybob|Wario Land 3|22.9893
Jellyfish Sisters|Mario & Luigi: Superstar Saga|42.8623
Jerry|Paper Mario: The Thousand-Year Door|34.7426
Jill Board|Super Mario Galaxy|12.4028
Jimmy P.|WarioWare: Smooth Moves|83.1299
Jimmy T.|WarioWare, Inc.: Mega Microgame$!|46.7609
Jinx|Super Mario RPG: Legend of the Seven Stars|90.3147
Joe|Mario Golf|22.4032
Johnson|Super Paper Mario|33.5253
Jojora|Mario & Luigi: Superstar Saga|52.9588
Jojora's Friends|Mario & Luigi: Superstar Saga|75.0899
Jolene|Paper Mario: The Thousand-Year Door|24.9635
Jonathan Jones|Super Mario RPG: Legend of the Seven Stars|37.6797
Joy|Mario Golf|47.7896
Jr. Troopa|Paper Mario|82.192
Junior Shrooboid|Mario & Luigi: Partners in Time|49.0422
KP Pete|Paper Mario: The Thousand-Year Door|44.8635
Kalmar|Paper Mario|89.1808
Kamek|Super Mario World 2: Yoshi's Island|58.2541
Kammy Koopa|Paper Mario|67.0877
Kangaroo|Yoshi's Island DS|25.5456
Karla|Super Paper Mario|40.5169
Kat|WarioWare, Inc.: Mega Microgame$!|17.4638
Kate|Mario Tennis|70.5047
Katsini|Wario's Woods|59.8994
Ken|Mobile Golf|71.0543
Ken the Reporter|WarioWare, Inc.: Mega Microgame$!|82.6287
Kent C. Koopa|Paper Mario|20.4064
Kerrie|Super Paper Mario|37.8434
Kevin|Mario Tennis|24.8794
Keyzer|Wario Land 4|45.7583
Kezune|Wario Land 3|49.5741
Kid|Mario Golf|8.57179
King Boo|Luigi's Mansion|42.0725
King Bubble|Wario Land II|52.6559
King Calamari|Super Mario RPG: Legend of the Seven Stars|19.7237
King Croacus I|Super Paper Mario|13.0517
King Croacus III|Super Paper Mario|87.6137
King Croacus IV|Super Paper Mario|55.7173
King Fret|Yoshi's Safari|20.9324
King Grambi|Super Paper Mario|75.8091
King K. Rool|Donkey Kong Country|40.1208
King Mousta|Paper Mario|19.2677
King Nimbus|Super Mario RPG: Legend of the Seven Stars|23.8299
King Olly|Paper Mario: The Origami King|54.245
King Sammer|Super Paper Mario|10.8953
King Totomesu|Super Mario Land|38.7122
King Tut|Mario Pinball Land|24.3526
Klevar|Paper Mario|72.0705
Knife Guy|Super Mario RPG: Legend of the Seven Stars|82.4764
Kolorado|Paper Mario|61.302
Kolorado's Father|Paper Mario: The Thousand-Year Door|36.76
Koopa Bros.|Paper Mario|82.6191
Koopa Kid|Mario Party|82.6619
Koopa Koot|Paper Mario|42.2574
Koopa Krag|Mario Party DS|27.2127
Koopa Master|Mario Party DS|55.2751
Koopatrol|Paper Mario|67.5589
Koopa the Quick|Super Mario 64|59.2711
Koopalings|Super Mario Bros. 3|80.5843
Kooper|Paper Mario|75.1346
Koopie Koo|Paper Mario: The Thousand-Year Door|27.6372
The Koopinator|Paper Mario: The Thousand-Year Door|13.8686
Koopley|Paper Mario: The Thousand-Year Door|27.3362
Koopook|Paper Mario: The Thousand-Year Door|61.7089
Koops|Paper Mario: The Thousand-Year Door|7.87348
Koover|Paper Mario|28.4749
Kritter|Donkey Kong Country|34.4386
Kroop|Paper Mario: The Thousand-Year Door|88.4059
Kung Fu Koopa|Mario Party 7|84.6866
Kylie Koopa|Mario & Luigi: Partners in Time|24.2788
Kyoko|Mario Power Tennis|63.4751
L33t Hamm3r Broz.|Mario & Luigi: Partners in Time|37.082
Lady Lima|Mario & Luigi: Superstar Saga|63.1202
Lahla|Paper Mario: The Thousand-Year Door|93.64
Laki|Paper Mario: The Thousand Year Door|17.3581
Lakilester|Paper Mario|90.1683
Lakithunder|New Super Mario Bros.|6.41107
Lakitu Bros.|Super Mario 64|23.9692
Larry Koopa|Super Mario Bros. 3|3.14433
Larson|Paper Mario: The Thousand-Year Door|7.24734
Lava Bud|Paper Mario|63.9675
Lava Piranha|Paper Mario|64.7328
Ledger|Super Paper Mario|19.4097
Lee|Paper Mario|91.6315
Legion of Stationery|Paper Mario: The Origami King|18.1437
Lemmy Koopa|Super Mario Bros. 3|29.7574
Li'l Ogre|WarioWare: Smooth Moves|75.368
Lily|Super Paper Mario|58.7097
Lisa|Super Mario RPG: Legend of the Seven Stars|66.4831
Little Mouser|Paper Mario|37.8901
Little T.|Paper Mario|42.3121
Little Yoshi|Tetris Attack|50.8122
Lizardon|Wario's Woods|27.9683
Local Goomba|Paper Mario: The Thousand-Year Door|62.1255
Local Reporter|Paper Mario: The Thousand-Year Door|40.9721
Lord Crump|Paper Mario: The Thousand-Year Door|27.599
Lucky|Paper Mario: The Thousand-Year Door|69.2607
Ludwig von Koopa|Super Mario Bros. 3|38.1739
Luigi|Mario Bros.|17.4604
Lumpy|Paper Mario: The Thousand-Year Door|84.3427
Luna|WarioWare: Touched!|82.3026
Luvbi|Super Paper Mario|47.7855
Lydia|Luigi's Mansion|37.9585
Luma|Super Mario Galaxy|48.0197
Ma' and Pa' Mole|Super Mario RPG: Legend of the Seven Stars|4.28404
Macho Grubba|Paper Mario: The Thousand-Year Door|6.24928
Mack|Super Mario RPG: Legend of the Seven Stars|13.1121
Mad Adder|Super Mario RPG: Legend of the Seven Stars|86.4189
Mad Hat Mk. I|Wario: Master of Disguise|94.6472
Mad Hat Mk. II|Wario: Master of Disguise|93.2195
Mad Piano|Super Mario 64|71.3448
Mad Scienstein|Wario Land 3|75.8625
Madam Merlar|Paper Mario|79.5016
Madame Clairvoya|Luigi's Mansion|96.4045
Magnus von Grapple|Paper Mario: The Thousand-Year Door|57.1599
Magnus von Grapple 2.0|Paper Mario: The Thousand-Year Door|65.4047
Mailtoad|Super Mario Galaxy|68.6176
Maitre Delish|Paper Mario: The Thousand-Year Door|19.5543
Major Burrows|Super Mario Galaxy|61.6993
Mallow|Super Mario RPG: Legend of the Seven Stars|60.8323
Mama T.|WarioWare: Twisted!|46.7498
Mamar|Paper Mario|37.9234
Manager Joe|WarioWare: Twisted!|59.4327
Mangylox|Wario's Woods|71.415
Manta|Super Mario 64|44.8766
Maple|Mario Golf|37.3401
Marbald|Super Paper Mario|31.5351
Marching Milde|Super Mario World 2: Yoshi's Island|4.22254
Marilyn|Paper Mario: The Thousand-Year Door|70.5141
Mario|Donkey Kong|4.07782
Mark|Mario Tennis|4.312
Mask-Guy|Wario Land VB|27.1424
Mason|Mario Power Tennis|85.3002
Master Crash|Paper Mario: The Thousand-Year Door|87.9151
Master Mantis|WarioWare: Smooth Moves|25.7124
Master Poet|Paper Mario|2.39764
Mayor Dour|Paper Mario: The Thousand-Year Door|38.0754
Mayor Penguin|Paper Mario|26.5915
Max|Mario Power Tennis|91.6913
MC Ballyhoo|Mario Party 8|6.17884
McGoomba|Paper Mario: The Thousand-Year Door|4.63011
Mean Emcee|Wario World|36.2358
Mead Woody|Mario Party 3|14.3894
Mega Goomba|New Super Mario Bros.|92.9342
Mega Koopa|Super Paper Mario|53.0821
Megasmilax|Super Mario RPG: Legend of the Seven Stars|56.8022
Meidou|Wario's Woods|69.6042
Melody Pianissima|Luigi's Mansion|87.5853
Merle|Paper Mario|30.9123
Merlee|Paper Mario|9.57957
Merlight|Super Paper Mario|98.8755
Merlimbis|Super Paper Mario|81.4055
Merlon|Paper Mario|6.49061
Merloo|Super Paper Mario|25.2458
Merlow|Paper Mario|31.3268
Merlumina|Super Paper Mario|3.45525
Merluvlee|Paper Mario|6.23511
Midbus|Mario and Luigi: Bowser's Inside Story|47.1709
Mike|WarioWare: Touched!|6.68715
Millennium Star|Mario Party 3|4.89577
Mimi|Super Paper Mario|16.4228
Mind-Bogglers|Paper Mario: The Thousand-Year Door|42.6823
Minh T.|Paper Mario|78.6277
Minister Crepe|Paper Mario: The Thousand-Year Door|7.56657
Minnie|Super Paper Mario|8.49604
MIPS|Super Mario 64|35.4022
Miss Petunia|Luigi's Mansion|98.3451
Misstar|Paper Mario|12.7199
Mitsy|Super Paper Mario|82.7824
Mokura|Super Mario RPG: Legend of the Seven Stars|39.8541
Moldy|Super Mario RPG: Legend of the Seven Stars|43.8629
Moltz the Very Goonie|Yoshi's Island DS|94.3722
Mom Piranha|Mario & Luigi: Superstar Saga|54.0003
Mona|WarioWare, Inc.: Mega Microgame$!|41.7464
Monsieur Boo|Wario's Woods|62.6024
Monstar|Paper Mario|88.5829
Monstermama|Super Mario RPG: Legend of the Seven Stars|41.5912
Monzo|Super Paper Mario|21.1117
Moogle|Mario Hoops 3-on-3|79.8919
Mort|Super Paper Mario|56.2879
Mort T.|Paper Mario|41.1732
Morton Koopa Jr.|Super Mario Bros. 3|92.7761
Mousimilian|Paper Mario: The Thousand-Year Door|24.8668
Moustafa|Paper Mario|16.3191
Mr. E|Paper Mario|50.6067
Mr. Hammer|Paper Mario|63.671
Mr. Hoggle|Paper Mario: The Thousand-Year Door|24.3753
Mr. Luggs|Luigi's Mansion|78.6709
Mr. Thwomp|Mario & Luigi: Partners in Time|61.3518
Mrs. Shroomlock|Mario Party Advance|19.9226
Mrs. Thwomp|Mario & Luigi: Partners in Time|4.8294
Ms. Mowz|Paper Mario: The Thousand-Year Door|69.1329
Muddy Buddy|Super Mario World 2: Yoshi's Island|27.7868
Muffy|Super Paper Mario|61.845
Mummipokey|New Super Mario Bros.|79.4261
Mushbert|Mario Party Advance|18.2137
Mushroom Genie|Mario Party 4|19.3617
Mushroom King|Super Mario Bros. 3|0.365839
Muskular|Paper Mario|29.81
Muss T.|Paper Mario|54.8812
Nana|Luigi's Mansion|58.6955
Napple|Mobile Golf|23.2613
Nastasia|Super Paper Mario|25.0262
Naval Piranha|Super Mario World 2: Yoshi's Island|37.8629
Neil|Mario Golf: Advance Tour|98.4872
Neville|Luigi's Mansion|99.3668
Niff T.|Paper Mario: The Thousand-Year Door|68.9654
Nina|Mario Tennis|28.2154
Noki Elder|Super Mario Sunshine|54.5746
Nolrem|Super Paper Mario|85.3995
Nora|Super Paper Mario|48.3093
Notso|Super Paper Mario|5.49513
Novbi|Super Paper Mario|59.2744
O'Chunks|Super Paper Mario|37.4576
Oaklie|Paper Mario|79.4621
Octopot|Yoshi's Safari|61.5711
Ol' Grandsappy|Paper Mario: The Origami King|70.4034
Old Man Skoo|Paper Mario: The Thousand-Year Door|46.1481
Olivia|Paper Mario: The Origami King|32.1085
Old Red-Mug|Wario World|73.5062
Oosansho|Wario Land 3|93.0505
Orbulon|WarioWare, Inc.: Mega Microgame$!|98.0023
Otto|Super Paper Mario|24.5242
Pa-Patch|Paper Mario: The Thousand-Year Door|28.1513
Pam|Mario Tennis|87.6958
Pandorite|Super Mario RPG: Legend of the Seven Stars|21.6055
Paper Macho Soldiers|Paper Mario: The Origami King|93.038
Parakarry|Paper Mario|26.1905
Parrot|Paper Mario: The Thousand-Year Door|12.6659
Paula|Mario Power Tennis|41.1928
Pauline|Donkey Kong|44.8736
Peach Hit Five|Super Princess Peach|6.84564
Peeka|Paper Mario: The Thousand-Year Door|65.7756
Penguin Patrol|Paper Mario|47.0828
Penguru|Super Mario Galaxy|74.7766
Pengwen|Mario Party Advance|17.3927
Pennington|Paper Mario: The Thousand-Year Door|43.3016
Penny|WarioWare: Smooth Moves|63.3766
Perry|Super Princess Peach|58.742
Petey Piranha|Super Mario Sunshine|30.1926
Petuni|Paper Mario: The Thousand-Year Door|50.3615
Petunia|Paper Mario|91.9294
Phantamanta|Super Mario Sunshine|94.9255
Phil Board|Super Mario Galaxy|67.6305
Pianta Attorney|Super Mario Sunshine|30.9758
Piccolo|Super Paper Mario|17.3459
Pierre|Paper Mario: The Thousand-Year Door|15.8431
Pine T.|Paper Mario: The Thousand-Year Door|6.04654
Pine T. Jr.|Paper Mario: The Thousand-Year Door|30.8957
Piper|Mario & Luigi: Superstar Saga|78.8804
Piranha Bean|Mario & Luigi: Superstar Saga|0.130189
Pirate Guy|Mario Party 2|92.828
Pitta|Super Paper Mario|26.155
Plenn T.|Paper Mario: The Thousand-Year Door|74.1167
Plum|Mario Golf|96.19
Podler|Paper Mario: The Thousand-Year Door|59.7647
Podley|Paper Mario: The Thousand-Year Door|86.34
Poker Faces|Paper Mario: The Thousand-Year Door|45.2701
Pokey Triplets|Paper Mario: The Thousand-Year Door|31.1539
Polari|Super Mario Galaxy|95.5837
Poobah the Pharaoh|Wario: Master of Disguise|29.5261
Poochy|Super Mario World 2: Yoshi's Island|84.0413
Pook|Super Paper Mario|54.8612
Popple|Mario & Luigi: Superstar Saga|13.481
Porter|Paper Mario: The Thousand-Year Door|65.7004
Portrait Ghost|Luigi's Mansion|17.4995
Posie|Paper Mario|12.9349
Powert|Mobile Golf|95.4989
Postmaster|Paper Mario|23.9683
Prince Croacus|Super Paper Mario|57.78
Prince Froggy|Super Mario World 2: Yoshi's Island|83.8049
Prince Mush|Paper Mario: The Thousand-Year Door|45.1527
Prince Peasley|Mario & Luigi: Superstar Saga|43.156
Prince Pine|Yoshi's Safari|27.3807
Princess Daisy|Super Mario Land|74.7107
Princess Eclair|Paper Mario: The Thousand-Year Door|75.2877
Princess Peach|Super Mario Bros.|65.554
Princess Shokora|Wario Land 4|88.2254
Princess Shroob|Mario & Luigi: Partners in Time|97.5233
Priscilla the Peckish|Yoshi's Island DS|5.75098
Professor Elvin Gadd|Luigi's Mansion|76.9437
Professor Frankly|Paper Mario: The Thousand-Year Door|11.612
Professor Fungi|Mario Party 2|95.4297
Professor Toad|Paper Mario: The Origami King|5.42038
Psycho Kamek|Mario & Luigi: Superstar Saga|14.2742
Puck|Super Paper Mario|24.9933
Punchinello|Super Mario RPG: Legend of the Seven Stars|87.723
Pungent|Paper Mario: The Thousand-Year Door|29.5985
Pungry|Paper Mario: The Thousand-Year Door|23.2587
Puni Elder|Paper Mario: The Thousand-Year Door|73.3887
Punio|Paper Mario: The Thousand-Year Door|5.69033
Punpier|Paper Mario: The Thousand-Year Door|32.3592
Punk Rocks|Paper Mario: The Thousand-Year Door|56.9139
Putrid Piranha|Paper Mario|36.7399
Putts|Mario Golf: Advance Tour|2.51293
Pyoro|WarioWare, Inc.: Mega Microgame$!|74.0273
Queen Bean|Mario & Luigi: Superstar Saga|8.55826
Queen Bee|Super Mario Galaxy|17.7277
Queen Croacus II|Super Paper Mario|87.467
Queen Jaydes|Super Paper Mario|14.4233
Queen Merelda|Wario Land: Shake It!|66.0782
Queen Nimbus|Super Mario RPG: Legend of the Seven Stars|90.8833
Radonkel|Super Mario Land 2: 6 Golden Coins|48.9277
Raini|Super Mario RPG: Legend of the Seven Stars|55.0107
Raphael Raven|Super Mario World 2: Yoshi's Island|21.6477
Ratooey Businessman|Paper Mario: The Thousand-Year Door|6.97158
Rawk Hawk|Paper Mario: The Thousand-Year Door|28.8097
Ray|Super Mario Galaxy|38.7219
Raz|Super Mario RPG: Legend of the Seven Stars|71.9504
Razor|Wario's Woods|72.0525
Rebbi|Super Paper Mario|10.2356
Red|WarioWare: Touched!|93.2433
Red-Brief J|Wario World|97.8306
Red Coin Fish|Super Mario Sunshine|30.9743
Red Goomba|Paper Mario|83.6097
Red the Bridgemaster|Super Paper Mario|66.1978
Ricky|Super Mario Land 2: 6 Golden Coins|75.2576
Rip Cheato|Paper Mario|77.3042
Robirdo|Super Mario Advance|21.838
Robo-Kritter|Super Mario Strikers|87.2742
Rocko|Paper Mario: The Thousand-Year Door|35.312
Roger the Potted Ghost|Super Mario World 2: Yoshi's Island|65.937
Rose Town Innkeeper|Super Mario RPG: Legend of the Seven Stars|62.8131
Rosie|Paper Mario|26.6826
Rosalina|Super Mario Galaxy|86.0966
Rowf and Rhuff|Paper Mario|3.19633
Roy Koopa|Super Mario Bros. 3|29.392
Rozary|Mobile Golf|73.3427
Rubber Band|Paper Mario: The Origami King|58.3108
Rudy the Clown|Wario Land 3|68.7969
Russ T.|Paper Mario|71.6138
Sabasa|Super Mario Land 2: 6 Golden Coins|16.4697
Sacre|Super Paper Mario|54.8451
Saffron|Super Paper Mario|59.8371
Sal Out|WarioWare: Twisted!|30.5987
Salvo the Slime|Super Mario World 2: Yoshi's Island|25.6728
Sam Spook|Wario's Woods|48.2554
Sammi|Mario Tennis|84.218
Sammy Rai|WarioWare: Touched!|54.5849
Sand Bird|Super Mario Sunshine|96.3535
SandWorm|Wario World|72.7796
Sarissa|Wario's Woods|15.2683
Sasha|Mario Power Tennis|8.00806
Sashimie|Paper Mario|19.6141
Scarlette|Paper Mario: The Thousand-Year Door|27.0073
Scissors|Paper Mario: The Origami King|96.9716
Scratchy the 'Fro Bug|WarioWare: Touched!|94.5305
Screamy|Paper Mario: The Thousand-Year Door|79.9159
Sean|Mario Tennis|8.25547
Sergeant Flutter|Super Mario RPG: Legend of the Seven Stars|16.3588
Sewer Guru|WarioWare: Touched!|78.3974
Shadow Mario|Super Mario Sunshine|64.8163
Shadow Queen|Paper Mario: The Thousand-Year Door|39.7751
Shadow Sirens|Paper Mario: The Thousand-Year Door|53.4087
Shake King|Wario Land: Shake It!|75.1633
Shellshockers|Paper Mario: The Thousand-Year Door|87.0387
Sherry|Mario Golf|32.4333
Shiisa|Wario's Woods|24.9538
Shivers|Luigi's Mansion|66.9034
Shop Manager Iwata|WarioWare: Smooth Moves|92.4665
Shrooboid Brat|Mario & Luigi: Partners in Time|9.76607
Shroomlock|Mario Party Advance|35.5276
Shy Away|Super Mario RPG: Legend of the Seven Stars|90.1135
Shy Guy Army|Paper Mario|76.1613
Shy Guy Statue|Mario Party 4|86.9479
Shy Squad|Paper Mario|55.7142
Silky|Wario Land 3|32.0992
Sir Grodus|Paper Mario: The Thousand-Year Door|73.8536
Sir Swoop|Paper Mario: The Thousand-Year Door|10.3746
Sir Weston|Luigi's Mansion|45.4377
Six-Face Sal|Yoshi's Island DS|86.2426
Skeet|Super Paper Mario|61.8269
Skolar|Paper Mario|85.1263
Slim|Super Paper Mario|60.0791
Slim Bankshot|Luigi's Mansion|89.5756
Sluggy the Unshaven|Super Mario World 2: Yoshi's Island|57.7576
Smelter|Super Mario RPG: Legend of the Seven Stars|49.8374
Smilax|Super Mario RPG: Legend of the Seven Stars|44.5285
Smithy|Super Mario RPG: Legend of the Seven Stars|56.251
Smorg|Paper Mario: The Thousand-Year Door|5.38068
Sonny|Mario Golf 64|32.8279
Spangle|Mario & Luigi: Superstar Saga|62.4571
Sphinx|Wario: Master of Disguise|27.2967
Spideraticus|Wario World|18.1188
Spike|Mario Tennis|80.8377
Spike Storm|Paper Mario: The Thousand-Year Door|20.4562
Spiky Joe|Paper Mario: The Thousand-Year Door|62.4806
Spiky Tom|Paper Mario|77.2822
Spirit of Fright|Yoshi Topsy Turvy|40.9215
Spirit of Kindness|Yoshi Topsy Turvy|58.8806
Spirit of Power|Yoshi Topsy Turvy|36.0029
Spitz|WarioWare, Inc.: Mega Microgame$!|46.7252
Spoiled Rotten|Wario Land 4|79.081
Spooky|Luigi's Mansion|93.3068
Spooky Speedster|Super Mario Galaxy|7.2114
Spore King|Mario Party Advance|47.515
Stanely|Paper Mario|42.5352
Stanley the Bugman|Donkey Kong 3|79.7122
Stapler|Paper Mario: The Origami King|38.2197
Starshade Bros.|Mario & Luigi: Superstar Saga|65.8802
Steamer|Mario Party 2|97.744
Stewart|Paper Mario: The Thousand-Year Door|83.7017
Stock|Super Paper Mario|54.0223
Stork|Super Mario World 2: Yoshi's Island|8.58774
Stuffwell|Mario & Luigi: Superstar Saga|40.1636
Sue Pea|Luigi's Mansion|46.3842
Sunglasses Salesman|Super Mario Sunshine|65.1151
Sunnycide|Mario & Luigi: Partners in Time|42.1987
Super Blooper|Paper Mario|19.1357
Sushie|Paper Mario|48.0288
Sven|Wario's Woods|39.962
Swiggler|Mario & Luigi: Partners in Time|67.3619
Swindell|Paper Mario: The Thousand-Year Door|86.3164
Sylvia|Paper Mario: The Thousand-Year Door|49.2955
Tad Rock|Wario's Woods|9.7613
Tamao|Super Mario Land|64.1167
Tap-Tap the Golden|Super Mario World 2: Yoshi's Island|2.22324
Tap-Tap the Red Nose|Super Mario World 2: Yoshi's Island|51.6898
Tape|Paper Mario: The Origami King|97.3586
Tatanga|Super Mario Land|90.8454
Tayce T.|Paper Mario|0.521229
TEC-XX|Paper Mario: The Thousand-Year Door|11.0682
Thak|Wario's Woods|57.4191
The Cap'n|Super Mario 64|71.7255
The Creepy Steeple Boo|Paper Mario: The Thousand-Year Door|0.23714
The Floating Whirlindas|Luigi's Mansion|24.4862
The InterChet|Super Paper Mario|54.4417
The InterNed|Super Paper Mario|18.1119
The Master|Paper Mario|60.3345
The Three Hags|Super Paper Mario|3.21005
The Three Little Pigheads|Super Mario Land 2: 6 Golden Coins|26.0478
The Traveling Sisters Three|Paper Mario: The Thousand-Year Door|30.2005
Tina|Mario Power Tennis|19.2617
Thoreau|Super Paper Mario|46.5091
Thread|Mobile Golf|46.9079
Thriff T.|Paper Mario: The Thousand-Year Door|84.3332
Thudley|Super Paper Mario|10.3213
Tiara|Super Mario Odyssey|11.7997
Tiaramisu|Wario: Master of Disguise|65.4115
Tinga|Super Paper Mario|31.8878
Tiny|Mario Golf: Advance Tour|48.2137
Tiny Spines|Paper Mario: The Thousand-Year Door|86.4079
Tippi|Super Paper Mario|45.128
Tiptron|Super Paper Mario|69.2514
Tiptron Mk. II|Super Paper Mario|13.7795
Toad|Super Mario Bros.|62.0309
Toad Minister|Paper Mario|84.7441
Toad Waitress|Paper Mario: The Thousand-Year Door|53.6254
Toadbert|Mario & Luigi: Partners in Time|38.1329
Toadia|Paper Mario: The Thousand-Year Door|27.0941
Toadiko|Mario & Luigi: Partners in Time|84.7196
Toadofsky|Super Mario RPG: Legend of the Seven Stars|58.2548
Toadsworth|Super Mario Sunshine|82.5939
Toce T.|Paper Mario: The Thousand-Year Door|30.1622
Tolielip|Paper Mario|40.0161
Tolstar|Mario & Luigi: Superstar Saga'|20.2473
Tony|Paper Mario: The Thousand-Year Door|35.9466
Toodles|Paper Mario: The Thousand-Year Door|63.145
Topmaniac|Super Mario Galaxy|22.7657
Tori|Mario Power Tennis|76.0967
Torque|Paper Mario: The Thousand-Year Door|50.8244
Toxic Toad Z|Mario Party Advance|27.8849
Tribe of Ancients|Super Paper Mario|37.7231
Triplets|Super Mario RPG: Legend of the Seven Stars|42.7762
Tryclyde|Super Mario Bros. 2|25.5616
Tubba Blubba|Paper Mario|90.4601
Tumble|Mario Party 3|90.9196
Tutankoopa|Paper Mario|2.81762
Tuxie|Super Mario 64|50.2431
Twila|Mario Party 6|76.8845
Twink|Paper Mario|3.26357
Unagi the Eel|Super Mario 64|12.7709
Uncle Grimmly|Luigi's Mansion|14.8496
Undergrunt Gunner|Super Mario Galaxy|55.7925
Valentina|Super Mario RPG: Legend of the Seven Stars|6.65576
Vanessa|WarioWare: Touched!|8.6438
Vanna T.|Paper Mario|67.8401
Vault Guard|Super Mario RPG: Legend of the Seven Stars|58.4435
Village Leader|Paper Mario|41.6694
Vincent Van Gore|Luigi's Mansion|61.9737
Vinny|Paper Mario: The Thousand-Year Door|77.6625
Vivian|Paper Mario: The Thousand-Year Door|13.383
Waluigi|Mario Tennis|70.6874
Wanda|Mario & Wario|88.7959
Wandering Nomadimouse|Paper Mario|94.7542
Walter|Super Paper Mario|20.1029
Wario|Super Mario Land 2: 6 Golden Coins|25.1864
Wart|Doki Doki Panic|99.3896
Watchitt|Super Paper Mario|79.0294
Watinga|Mario Paint|16.7464
Watt|Paper Mario|13.5744
Webber|Wario Land 3|74.6324
Welderburg|Super Paper Mario|82.5453
Wendy O. Koopa|Super Mario Bros. 3|37.0411
Whale|Paper Mario|66.5214
Whibbi|Super Paper Mario|56.1007
Whisker|Mario Power Tennis|75.9257
Whomp King|Super Mario 64|72.0318
Willy|Mario Power Tennis|7.44104
Wings of Night|Paper Mario: The Thousand-Year Door|28.4402
Winnie|Super Paper Mario|37.5536
Winter Windster|Wario World|79.0709
Wise Wisterwood|Paper Mario|49.0556
Wonky|Paper Mario: The Thousand-Year Door|68.3865
Woody|Mario Party 2|62.9529
X-Nauts|Paper Mario: The Thousand-Year Door|27.271
X-Naut PhD|Paper Mario: The Thousand-Year Door|34.9407
X-Yux|Paper Mario: The Thousand-Year Door|82.7513
Yakkey|Paper Mario|51.4244
Yaridovich|Super Mario RPG: Legend of the Seven Stars|86.748
Yebbi|Super Paper Mario|66.3945
Yoob|Mario & Luigi: Partners in Time|19.237
Yoshi|Super Mario World|13.7058
Young Cricket|WarioWare: Smooth Moves|77.627
Yux|Paper Mario: The Thousand-Year Door|4.22351
Zess T.|Paper Mario: The Thousand-Year Door|74.2017
Zip Toad|Paper Mario: The Thousand Year Door|34.1108
Zombone|Super Mario RPG: Legend of the Seven Stars|44.1473
Ztar|Mario Party 4|65.0221
